{
  "eslint.config.js": 1765167733.6970544,
  "vite.config.ts": 1765167733.7003648,
  "backend/server.js": 1776801000.9546788,
  "backend/scripts/probe.js": 1776717899.948414,
  "backend/lib/moderation.js": 1776736139.0419335,
  "backend/lib/sessions.js": 1776800946.8924963,
  "backend/lib/auth.js": 1776716841.5344138,
  "backend/lib/supabase.js": 1776716838.5412397,
  "backend/lib/reputation.js": 1776736060.120607,
  "backend/lib/resend.js": 1776716841.546754,
  "backend/routes/auth.js": 1776736118.300366,
  "src/App.tsx": 1776734589.604979,
  "src/main.tsx": 1776717270.8776438,
  "src/types.ts": 1765167796.3794017,
  "src/context/FeedbackContext.tsx": 1776801009.888124,
  "src/context/SocketContext.tsx": 1776717270.8775136,
  "src/context/AuthContext.tsx": 1776716963.901405,
  "src/components/BrandMark.tsx": 1776734369.6512828,
  "src/components/BackgroundFX.tsx": 1776734350.8953717,
  "src/hooks/useBannedInterests.ts": 1765167802.508303,
  "src/lib/api.ts": 1776716956.0948899,
  "src/pages/LoginPage.tsx": 1776801031.3717284,
  "src/pages/VideoChatPage.tsx": 1770665494.1651664,
  "src/pages/ModeSelectionPage.tsx": 1776734615.3549685,
  "src/pages/TextChatPage.tsx": 1776801062.9854155,
  "src/pages/VerifyPage.tsx": 1776717073.1913388,
  "explain.txt": 1770665509.1043384,
  "README.md": 1776717270.8761756,
  "CLAUDE.md": 1776732670.8980303,
  "public/banned-interests.txt": 1765167789.9492257,
  "public/vite.svg": 1765167733.6977775,
  "src/assets/react.svg": 1765167733.6993299
}